Lemma,Count
abc,1
at&t,4
abdulfattah,1
academy,1
action,1
africa,1
air,1
airplane,2
akio,1
al,2
albert,3
albuquerque,1
alcorn,6
alice,4
alike,1
allen,6
alpert,2
altair,5
alto,9
alto,4
alvy,2
amazon,2
amelia,1
amelio,12
america,11
american,1
american,1
andrea,1
andy,2
angele,5
animation,2
app,2
apple,444
apple,1
apple,1
april,8
aretha,1
arnold,2
art,1
art,2
ashbury,1
atari,20
atlantic,1
attribution,1
august,3
autobiography,1
avenue,1
award,1
aware,1
azoff,1
,2
basic,9
best,1
bmw,1
bach,3
baez,2
balance,1
bar,1
bardeen,1
beast,1
beatle,1
beatle,9
beauty,1
beetle,1
beginner,1
bell,1
ben,1
benjamin,1
benz,2
berkeley,6
berner,3
best,1
betsy,1
bicycle,1
big,1
bill,20
black,1
blackberry,1
blade,1
blue,1
bob,7
bono,2
bos,1
boston,2
boulder,1
bowl,4
boy,2
branden,1
brattain,1
breakout,3
brenann,1
brenann,19
brent,2
britain,1
brother,2
buck,2
bucke,1
bud,1
buddhism,2
buddy,1
bug,1
bunny,1
burger,1
bushnell,8
busines,4
businessweek,2
buzz,5
byte,2
,2
ceo,9
cern,1
calculator,1
california,12
cambridge,1
campbell,1
canon,2
captain,2
cap’n,1
carlton,2
carnegie,1
car,2
cash,4
casper,1
catalog,1
catmull,4
center,4
challenge,1
cheese,1
chelsea,1
cherokee,1
chevrolet,1
chicago,3
chief,1
china,1
chino,3
chip,1
chri,4
chrisann,8
christma,2
chuck,1
chögyam,2
cingular,1
city,2
clara,12
clark,1
clinton,1
club,3
coast,4
coke,1
cola,1
college,7
colonial,1
colorado,1
commission,2
commodore,3
common,1
communication,1
company,5
computer,20
concerto,1
conference,1
congres,1
consciousnes,1
construction,1
convention,1
cook,6
copland,1
corner,1
corning,6
corporation,5
corp,5
corvette,1
cosmic,1
county,1
cream,3
creative,1
cromemco,1
crow,1
cruise,2
crunch,3
cube,3
cue,1
cuisinart,1
cunningham,1
cupertino,5
dna,1
dram,2
daniel,5
darth,1
das,2
davidoff,1
day,3
dead,1
dean,1
decade,1
december,6
delhi,1
dell,4
demerol,1
democratic,1
design,2
diane,1
dick,1
diet,3
differently,1
digital,2
dip,1
director,1
disney,25
disneyland,3
doh,1
don,2
donovan,1
dr,1
draper,1
dre,1
drexler,2
dylan,11
,1
,1
ef,1
eagle,1
earhart,1
earth,1
east,2
eastern,1
economist,1
ed,3
eddy,1
edison,4
edmund,1
education,1
edwin,2
egan,2
ehret,2
einstein,3
eisner,2
electronic,1
electronic,2
elementary,1
ella,1
ellison,2
elvi,2
emmy,1
english,2
entrepreneur,1
equipment,1
erin,4
espinosa,6
esquire,2
eureka,1
europe,2
european,1
eve,3
even,1
everything,1
excel,2
exchange,2
executek,1
explorer,1
explorer,1
eyed,1
ff,1
forward,1
fadell,1
fairchild,1
farm,3
fasting,1
february,5
feeling,1
fernanda,2
fernandez,10
fi,1
fiat,3
fifth,1
financially,1
finding,4
firewire,1
fitzgerald,1
forbe,2
ford,5
forstall,1
fortune,17
foundation,1
france,1
francisco,8
franklin,2
friedland,10
friendly,1
frito,1
frustrated,1
fry,3
,2
game,1
gui,1
gap,1
garfunkel,1
gate,39
gato,1
geneva,2
geniu,1
george,4
germany,4
ghost,1
giant,1
gil,2
ginsberg,1
gizmodo,3
gladwell,2
glas,2
glendale,1
god,9
goldman,1
gorilla,1
graham,1
gran,1
grateful,1
great,1
green,1
greta,1
guard,1
gulfstream,1
guy,1
,4
,1
html,1
http,1
haight,1
hal,1
hall,1
hallmark,1
hank,1
hare,1
harrison,1
harvard,4
hatter,1
hawaii,4
hawaiian,1
hawkin,1
head,1
healing,1
heathkit,1
heathkit,2
hendrix,1
henry,6
henson,1
hertzfeld,6
hewlett,19
high,4
hill,6
hillary,1
hindu,1
hippie,1
ho,1
hollywood,1
homebrew,2
homer,1
homestead,5
honda,1
hong,1
honta,1
hovey,4
hypertext,2
,247
ibm,22
ii,37
ii,9
ii,4
imsai,1
icon,1
iger,1
iliad,1
imogene,1
inc,7
incorporated,1
incredible,1
india,4
infinite,1
initially,3
innovation,1
inspired,1
institute,1
instrument,1
intel,9
interface,1
international,2
internet,1
irving,1
isaacson,16
issey,1
job,1
jackling,1
jagger,1
jandali,6
jani,1
january,12
japan,3
jedi,1
jeep,1
jef,1
jefferson,2
jennifer,1
jerk,1
jerry,1
jersey,1
jim,2
jimi,1
joan,2
joanne,5
job,1
job,733
joe,2
john,18
johnny,4
johnson,3
jon,1
jonathan,2
joni,1
jony,4
joplin,1
jose,3
journal,5
jr,3
july,5
june,9
jungle,2
keaton,1
kelley,1
ken,1
kennedy,1
kentucky,2
kerwin,1
kesey,1
kid,1
kindle,1
king,6
kissinger,2
knight,1
kobun,2
kong,1
kottke,14
krishna,1
kyoto,1
lego,1
lsd,5
laboratory,1
lab,1
land,7
lang,3
language,1
lappé,1
larry,3
lasseter,13
laurene,9
lay,1
leary,1
lee,3
legacy,1
lennon,3
letter,1
levi,1
levy,6
life,1
lightyear,2
lin,1
lion,2
lisa,38
listerine,1
little,2
locater,1
lockheed,1
loma,1
london,1
loop,1
lo,10
luca,3
luke,1
luther,2
lutheran,1
luxo,1
menu,1
ma,3
mac,33
macbook,2
machine,1
machine,2
macintosh,50
mac,3
macworld,9
macy,1
mad,1
magazine,1
malcolm,1
man,1
maniac,1
march,7
markkula,24
markoff,1
markup,1
martha,1
martin,2
marty,1
mateo,2
materialism,1
matrix,1
maurice,1
may,4
may,1
maya,1
mayer,1
mclean,1
meal,1
medal,1
mediterranean,1
melinda,1
mellon,1
memorial,1
memphi,3
menlo,1
mercede,3
mermaid,1
mexico,1
michael,3
mick,1
mickey,1
microsoft,41
miele,1
mike,14
millard,1
mind,2
mini,1
mitchell,1
miyake,1
mobileme,2
moby,1
model,1
mona,14
monday,1
money,1
monster,3
monta,1
moore,1
more,3
morgan,1
morita,2
moritz,1
morri,2
most,3
motor,1
motorola,3
mountain,1
mr,1
mrs,5
mucusles,1
music,1
nasa,1
nano,1
napster,1
national,3
navy,1
next,24
neighbour,1
nemo,4
netscape,1
new,18
newsweek,3
newton,3
next,5
nicole,1
nike,1
nixon,1
nocera,1
nolan,2
nonissue,1
november,3
oh,3
oaf,1
october,6
odyssey,1
one,2
online,1
ono,2
onstage,1
oracle,1
oregon,7
orwell,1
oscar,1
oscar,1
oz,1
,1
,1
parc,1
pb,1
pc,2
pta,1
pablo,1
packard,15
palo,9
pamela,1
paramahansa,1
pari,1
park,2
particle,1
patrick,1
patty,6
paul,19
pea,1
peloponnesian,1
pennsylvania,2
pentagon,1
people,8
pepsi,4
perot,4
personal,1
phd,1
philip,1
physic,1
picasso,2
piece,1
ping,2
pixar,60
planet,2
pocahonta,1
pod,1
polaroid,4
pong,4
ponging,1
popular,1
porsche,1
portland,2
potato,1
powell,24
power,2
president,4
prize,2
pro,1
processor,1
protocol,1
prussian,1
pulitzer,2
pyrex,1
ram,2
reset,1
ret,4
return,1
rokr,1
run,1
rabbit,1
raccoon,1
radioshack,3
raider,1
ram,2
rancho,1
rand,3
raskin,6
rational,1
ravi,1
ray,2
reading,1
reagan,1
redse,3
redskin,1
reed,19
regular,1
rescuer,1
research,1
resource,1
reverend,2
review,1
revival,1
rich,1
richard,6
ridley,1
rob,1
robert,4
rocky,1
roll,1
rolling,3
roman,1
ron,4
ronald,1
rosen,1
rosenbaum,1
ros,3
roundrect,1
rubinstein,2
runner,1
russia,1
,1
sec,2
second,1
sram,1
suck,1
swab,1
sach,1
sacramento,2
san,13
santa,2
saturday,1
saver,1
scandal,1
schieble,4
schiller,1
schlender,5
school,5
scientific,1
scott,21
scotty,2
scout,2
sculley,35
sean,1
seattle,1
second,1
securitie,2
seed,1
semiconductor,1
senate,1
september,8
set,1
shaffer,1
shakespeare,2
share,1
sheryl,1
shockley,1
shop,2
shuffle,1
shunryu,1
siberia,1
siena,1
silicon,9
siliwood,2
simon,1
simpson,9
skywalker,1
small,1
smith,2
soda,3
sony,4
soundjam,1
space,1
spanish,1
spiritual,1
st,1
stanford,22
stanley,1
star,4
state,1
stephen,1
steve,112
steven,4
steve,2
stock,1
stone,2
stone,1
store,3
story,15
street,10
studio,1
suburbia,1
summer,1
sunday,2
sunnyvale,1
super,4
suzuki,1
switzerland,2
symphony,1
syrian,2
system,1
,1
tbwa\chiat\day,1
third,1
target,1
teach,1
team,1
technology,2
teddy,1
tennessee,1
terrell,5
texa,3
thanksgiving,2
the,1
thing,1
thoma,5
though,2
thursday,1
tim,4
time,6
time,4
timothy,1
tin,1
tina,1
tobark,1
tofu,1
tokyo,2
tom,1
tony,1
toshiba,2
toy,16
track,1
trade,1
trak,1
transfer,1
trek,1
tribble,2
trident,1
trip,1
trungpa,2
,1
tuesday,1
tuesday,1
type,1
tyrant,1
tyson,1
,1
url,1
under,1
united,1
universal,1
university,6
,1
vader,1
valentine,2
valley,12
vatican,1
veteran,1
vietnam,6
view,1
virginia,1
visicalc,4
volkswagen,3
wow,3
walkman,1
wall,10
walt,4
walter,7
war,7
ware,1
warner,1
war,5
washington,2
wayne,6
wednesday,1
week,1
wendell,1
west,1
whipple,2
white,1
whole,1
wi,1
william,1
window,9
wisconsin,3
wishe,1
wizard,1
wonderland,1
woodside,2
woody,9
word,1
world,5
woz,21
wozniak,129
xerox,14
year,2
yo,4
yogananda,1
yogi,1
yoko,2
york,14
yosemite,1
youtube,1
young,1
zen,8
zurich,1
,3
,3
,4
,1521
a.m,2
aa,1
abandon,3
abandonment,1
ability,13
able,23
abomination,1
about,184
above,5
aboveboard,1
abrasive,2
absence,3
absent,1
absentia,1
absolute,1
absolutely,1
academic,1
academically,1
accept,5
acces,5
accessible,1
accessory,1
accidentally,1
acclaimed,1
accompany,2
accomplish,1
accomplished,1
accomplishment,1
accord,3
account,6
accounting,2
accumulate,2
accurate,1
accurately,1
accusation,1
accuse,2
achieve,1
acid,2
acknowledge,2
acquaintance,1
acquire,3
acronym,1
acros,5
act,11
action,2
activity,2
actor,1
actres,1
actual,2
actually,16
acupuncture,1
ad,18
add,34
addicted,1
addition,17
additional,2
addres,5
adjacent,1
adjust,2
adjustment,2
administration,1
admiration,2
admire,3
admit,6
adopt,13
adoption,7
adorable,2
adore,2
adult,8
advanced,1
advancement,1
advantage,5
adverb,1
advertise,1
advertisement,1
advertising,5
advice,3
adviser,4
advisory,1
aesthetic,1
affect,2
afford,3
affordable,2
afloat,3
afoul,1
after,131
afternoon,1
afterward,1
again,43
against,6
age,11
agency,3
aggressive,2
aghast,1
ago,2
agree,30
agreement,3
ahead,12
aim,3
air,9
airline,1
airport,1
album,10
alcoholic,1
alert,1
algebra,2
alike,1
alive,1
all,108
allegation,1
alley,1
allotted,1
allow,39
allude,1
almost,34
alone,6
along,11
alpha,1
alphabetical,1
already,18
also,92
alter,1
alternate,1
alternative,3
although,1
altogether,4
aluminum,1
alway,22
amazed,1
amazing,10
amber,1
ambitiou,1
american,3
amid,3
amnesia,1
among,13
amount,10
amplifier,1
amplify,1
amusement,1
an,204
analyst,2
and,1585
anger,1
angry,3
angst,1
animal,2
animate,12
animation,11
animator,5
announce,7
announcement,3
annual,8
anonymou,1
another,62
answer,18
ant,1
antenna,2
antiwar,2
any,25
anybody,2
anymore,2
anyone,6
anything,15
anyway,2
anywhere,5
apart,5
apartment,2
apocalyptic,1
apologise,3
appal,1
apparently,3
appeal,2
appear,16
appearance,6
apple,13
appliance,3
application,3
apply,4
appointment,1
appreciate,4
appreciation,1
approach,10
appropriately,1
approve,4
apricot,3
arcade,3
architecture,1
area,4
arena,1
argue,3
argument,2
arm,4
around,35
arrange,3
arrangement,2
array,1
arrive,10
arrogance,1
arrogant,4
arrogantly,1
arrow,1
art,6
article,3
artist,19
artistic,2
,285
ashamed,1
ashram,1
asian,1
aside,4
ask,50
aspire,1
assassinate,1
assemble,4
assembled,1
assessment,2
assign,3
assignment,2
assistance,1
associate,1
assume,1
assumption,1
astonish,1
astounded,1
at,292
athlete,1
athletic,2
attach,3
attachment,1
attack,3
attempt,1
attend,13
attendance,1
attention,18
attentive,1
attract,2
attractive,1
attribute,3
audience,5
audio,1
audit,1
auditorium,1
author,2
authorize,1
auto,2
automobile,1
autumn,9
available,13
aviator,1
avoid,8
award,4
awarenes,1
away,22
awesome,2
awkward,1
a———floppy,2
,11
baby,13
babysitte,1
bachelor,2
back,68
backdate,3
backdating,1
background,4
backslash,1
bad,15
badge,1
bag,3
bagel,1
baggy,2
bake,1
balance,3
bald,3
balk,3
ball,3
balloon,1
balloony,1
ballroom,1
ban,1
banana,1
band,4
bank,3
banker,1
banking,1
bankruptcy,1
banner,2
bar,4
barbed,1
bare,1
barefoot,4
barely,2
bargain,2
bark,1
base,17
basement,1
bash,1
basic,2
basi,2
bath,1
bathe,1
bathroom,1
battery,8
battle,11
bay,1
be,1591
bean,2
bear,18
beard,1
beat,1
beatnik,1
beautiful,8
beautifully,1
beauty,5
became,2
because,53
become,59
bed,4
bedroom,10
beep,1
before,65
beg,2
begin,75
beginning,4
behalf,2
behaviour,4
behind,15
beige,4
being,1
belief,3
believable,1
believe,22
belittle,1
belong,1
beloved,3
below,2
belt,1
bench,2
bend,2
bendable,1
benefit,2
berate,2
beside,1
bet,1
betray,1
betrayed,1
between,22
beyond,3
bicep,1
bicker,1
bicycle,2
big,55
bike,4
biker,1
bile,1
bill,1
billion,22
billionaire,4
billionth,1
binge,1
biographer,8
biography,2
biological,6
biopsy,1
birth,6
birthday,3
bit,9
bite,4
bitter,2
bitterly,2
bizarre,1
black,14
blackmail,1
blame,2
blank,2
blended,1
blind,3
blink,1
blister,1
blistering,1
bloat,1
bloated,2
block,3
blockbuster,2
blond,1
blood,1
blow,7
blue,11
blunt,5
blurrines,1
board,37
body,9
bold,1
bomb,1
bond,2
bonding,1
bone,1
bonu,5
book,23
boo,1
boost,2
boot,3
bootleg,2
bore,1
bored,3
boring,2
borrow,1
bos,12
botch,1
both,41
bottle,3
bottom,1
bounce,2
bound,1
boundary,1
bow,1
bowl,1
bowling,1
box,33
boxy,2
boy,9
bozo,2
brag,1
brain,2
brainstorm,1
brainy,1
brand,3
brash,2
brat,1
bratty,1
break,18
breaker,1
breakfast,4
breakthrough,3
breath,1
breathe,2
bribe,1
brick,2
bridge,1
brief,2
briefcase,1
briefing,1
briefly,4
bright,7
brilliant,4
bring,38
brittle,1
broad,3
broaden,1
broccoli,1
brochure,3
broke,1
brother,5
browser,3
bruise,2
brush,2
brutal,1
brutally,1
bubble,1
bud,1
buddhist,1
buddy,2
budget,1
bug,3
build,53
building,7
bulimic,1
bulkier,1
bulldoze,2
bullet,1
bully,3
bullying,1
bum,1
bump,1
bumpy,1
bunch,1
burg,1
burn,2
burner,3
burst,2
bu,3
busines,68
businessman,5
busy,5
but,345
butt,1
butter,1
butterfly,2
button,17
buy,56
buyer,15
buying,2
buzz,1
by,152
bye,2
byte,4
cabin,1
cabinet,1
cable,1
cafeteria,4
cake,2
calculate,1
calculation,1
calculator,9
calculu,1
calendar,3
call,121
caller,1
calligraphy,3
calling,1
calm,1
camera,5
campaign,9
campu,13
can,39
cancel,3
cancer,27
candidate,3
candle,1
candy,3
capable,2
capitalist,1
captain,1
caption,1
captivate,1
capture,8
car,19
carbon,1
card,3
care,10
career,2
careful,1
carefully,3
cargo,1
carpenter,1
carpet,2
carrot,4
carry,8
cartoon,4
cartoony,1
cartwheel,1
carve,1
case,15
cash,7
cassette,3
cast,1
caster,1
casual,1
catalogue,3
catastrophe,1
catch,13
cater,1
catty,1
cause,8
cd,8
cease,1
ceiling,1
celebrate,8
celebration,1
celebrity,5
cell,8
cellist,1
cellular,2
cement,1
cemetery,1
cent,16
center,1
central,1
centre,5
century,3
ceo,1
cereal,3
ceremony,2
certain,5
certainly,4
chain,4
chair,8
chairman,2
challenge,13
challenging,1
chance,12
change,48
changin,1
channel,1
chant,2
chaotic,1
chapter,1
character,17
charge,13
charismatic,2
charitable,1
charity,1
charm,5
charmer,1
charming,2
chart,1
chase,2
chat,6
cheap,8
check,3
cheer,1
cheery,1
chemotherapy,3
chequebook,1
chest,2
chide,1
chief,12
child,25
childhood,4
chip,32
choice,11
choke,1
chomp,1
choose,10
chrome,1
chronicler,1
chunk,2
church,2
churn,1
cider,2
circle,4
circuit,17
circuitry,3
cite,1
city,2
civil,3
claim,1
clasp,1
clas,25
classic,4
classmate,9
classroom,1
clatter,1
clean,2
clear,11
clearly,5
clerk,1
clever,9
click,5
clicker,1
clientele,1
cliff,1
clip,2
close,23
cloth,1
clothe,6
clothing,3
clout,1
club,7
clunker,1
clunky,1
co,12
coach,1
coast,2
coat,1
cobble,1
cockpit,1
code,6
cohesive,1
coincidentally,1
cold,8
coldly,1
coldplay,1
collaborate,2
collaboration,1
collaborator,2
colleague,4
collect,3
collection,1
college,38
colour,17
colourful,9
column,1
combination,4
combine,7
combined,1
come,108
comedic,2
comedy,1
comfort,1
commemorate,1
commencement,1
commentator,1
commerce,1
commercial,9
commission,3
commit,4
commitment,3
committed,2
committee,1
commodore,2
common,5
commonly,2
commonplace,1
commune,2
communicate,4
community,1
compact,3
company,181
compare,3
compatible,1
compensation,1
compete,4
competition,5
competitive,1
competitor,2
complain,5
complete,7
completely,6
complex,9
complicated,5
complication,1
compliment,1
component,3
compose,4
compromise,1
compute,2
computer,301
computing,7
concede,1
conceive,1
concentrate,1
concept,2
conceptualize,1
concern,4
concert,3
concierge,1
conclude,10
conclusion,1
condition,2
conditioner,1
conditioning,1
conductor,1
conference,9
confession,1
confide,2
confidence,2
confident,2
configuration,1
confront,2
confuse,2
conglomeration,1
congratulate,2
connect,14
connection,4
conscience,1
consciousnes,3
consequence,2
conservative,1
consider,15
consist,1
consistent,1
conspire,1
constant,1
consultant,3
consume,3
consumer,12
contact,2
content,4
contest,1
continual,1
continue,25
contort,1
contracting,1
contrast,5
contribute,4
contribution,1
control,11
convenience,1
convention,3
conversation,2
convert,1
convey,1
convince,16
convoluted,1
cook,2
cool,11
copier,1
copper,1
copy,5
copycat,1
copywriter,1
cord,2
core,1
corner,4
corporate,6
corporation,1
corral,1
correct,1
correctly,1
corrosive,1
cosmic,1
cost,20
costly,1
costume,2
cotton,1
couch,2
could,212
council,1
counsel,1
counter,3
country,3
county,3
coup,1
couple,21
courage,1
course,8
court,4
courting,1
cover,20
cowboy,2
coworker,1
cpu,1
crack,1
craft,1
craftsmanship,2
cramp,1
crash,2
cratere,1
crazy,6
cream,1
create,51
creation,8
creative,7
creativity,4
creator,1
credit,9
creep,1
creepy,1
crew,1
crisi,3
critic,2
critical,5
criticism,4
criticize,2
cros,1
crossbone,1
crossroad,1
crowd,13
crowded,1
crucial,1
crude,3
cruise,1
crummy,1
crusade,3
cry,5
crystal,1
cube,5
cubicle,2
culture,3
cure,2
curiou,2
curl,1
current,4
curry,1
cursor,6
curtain,1
curvaceou,1
curve,1
custom,3
customer,29
cut,16
cutesy,1
cutout,1
cutting,1
cycle,1
cynic,2
,1
,1
dad,14
dagger,1
daily,1
damage,2
dance,5
dancer,1
dancing,1
dangerou,1
dark,3
dash,2
data,1
date,14
datum,3
daughter,13
dawn,1
day,69
dazzling,1
dead,7
deadline,2
deal,14
dean,2
dearly,2
death,8
debate,3
debt,2
debut,4
decade,12
deceive,1
decide,28
decision,20
deck,1
declare,4
decline,1
deduction,1
deep,9
deeply,7
defeat,3
defend,1
define,5
definitely,1
definitive,1
degree,4
delay,2
delegation,1
deliberately,1
deliver,9
demand,14
demanding,1
demo,1
demolish,1
demolition,2
demonstrate,6
demonstrator,1
dent,4
deny,3
deodorant,1
depart,1
department,6
depend,1
deposit,1
depressed,2
describe,9
description,1
desert,1
deserve,1
design,63
designer,20
desire,1
desk,13
desktop,16
desperate,1
desperately,2
despite,14
destroy,2
detach,1
detail,17
detailed,2
detective,1
deteriorate,2
determine,2
determined,1
devastate,1
develop,25
developer,4
development,5
device,18
devoted,1
devour,1
diagnose,1
diagnosi,1
dial,4
dialing,1
dialogue,1
diameter,1
diamond,1
dictate,1
die,18
diet,9
difference,8
different,27
differently,4
difficult,10
difficulty,1
digestion,2
digestive,1
digital,10
digitally,1
dimensional,3
diminish,1
ding,1
dining,1
dinner,8
direct,1
direction,5
director,12
dirt,1
disable,1
disagree,1
disagreement,2
disappear,1
disappointed,1
disappointingly,1
disappointment,1
disapproval,1
disapprove,1
disc,3
discipline,2
disclose,6
disclosure,1
discontinue,1
discount,5
discourage,3
discover,9
discrimination,1
discus,5
discussion,3
disease,3
disenchanted,1
dish,2
disk,15
dislike,2
dismay,1
dismis,1
dismissal,1
dismissive,1
disorder,1
display,10
disposable,1
dispute,1
disruptive,2
dissolve,2
distance,3
distort,1
distortion,6
distract,2
distraction,1
distres,1
distressed,1
distribute,1
distributor,3
disturb,1
ditch,2
diverge,1
divide,1
division,5
divorce,2
do,298
doctor,14
document,4
dog,2
doing,1
doll,2
dollar,9
dominant,1
dominate,3
don,1
donate,3
donation,1
door,10
dope,1
dorm,4
dose,1
dot,13
double,5
doubt,2
down,49
download,4
downright,1
dozen,15
draft,5
drag,2
dragon,1
drain,1
dram,1
drama,2
dramatic,2
dramatically,2
draw,14
drawback,1
drawer,3
drawing,4
dreadful,2
dream,5
dres,7
dressing,1
drill,1
drink,1
drive,37
drive,1
driveway,1
drizzly,1
drone,1
drop,23
dropout,4
drug,7
drum,2
dry,1
dub,4
duct,1
dud,1
due,1
duet,1
dull,2
dunk,1
during,26
dust,1
duty,4
dweeb,1
dweller,1
dye,1
dynamic,1
dysentery,1
,18
ebay,1
each,42
eager,2
ear,4
early,58
earn,7
earning,2
earth,3
ease,1
easily,7
easy,21
eat,18
eater,1
economic,1
economy,1
edge,2
edgy,1
edit,2
edition,1
editor,3
educate,2
education,4
educational,2
educator,3
eel,1
effect,3
effective,1
effectively,1
efficient,2
effort,9
eight,9
eighty,1
either,7
ejection,1
elaborate,3
elastic,1
elbow,1
electric,1
electrical,1
electricity,1
electron,1
electronic,26
electronically,1
elegant,11
element,4
elevator,1
eleven,1
eligible,1
elimination,1
else,17
elsewhere,1
embarrassed,1
embarrassing,1
emerge,1
emergency,1
emissary,1
emit,1
emotional,1
emotionally,1
emphasize,1
employ,1
employee,33
employer,2
empower,1
empty,1
encase,3
encounter,1
encourage,5
end,46
endeavour,1
ending,3
endles,2
endure,4
energetic,2
energize,1
energy,6
engage,1
engagement,1
engineer,23
engineering,6
enhanced,1
enjoy,6
enlighten,1
enlightenment,3
enormou,7
enough,42
ensure,1
enter,7
enterprise,2
entertain,2
entertaining,1
entertainment,3
enthral,2
enthusiasm,1
enthusiastic,2
entice,2
entire,1
entirely,1
entitle,1
entrance,2
entrepreneur,2
environment,1
envision,2
epic,1
epicentre,1
equal,3
equally,3
equation,1
equip,2
equipment,7
equivalent,1
era,2
erase,2
erratic,2
escape,1
especially,12
esquire,2
essence,2
essentially,6
establish,1
estate,2
estimate,5
etching,1
eulogy,2
european,1
even,111
evening,6
event,3
eventful,1
eventually,15
ever,29
every,35
everybody,2
everyman,1
everyone,13
everything,13
everywhere,3
evil,1
evolve,1
exact,2
exactly,4
exaggerated,1
example,2
excellence,1
excellent,2
except,2
exception,1
exceptional,1
exceptionally,3
exchange,6
excited,1
excitement,3
exciting,4
exclusive,2
executive,43
exercise,2
exhausted,1
exile,1
exist,3
existence,2
existing,1
expand,5
expansion,4
expatriate,1
expect,13
expectation,4
expense,1
expensive,7
experience,15
experiential,1
experiment,8
expert,3
expertise,1
explain,14
explanation,1
expletive,1
explode,4
exploration,1
explore,2
explosion,1
expose,1
expres,2
expression,2
extend,2
extensive,1
extra,7
extraordinary,4
extreme,2
extremely,3
exuberance,1
exuberant,1
eye,10
fabric,1
fabulou,2
face,23
fact,11
factor,1
factory,7
faculty,1
fail,6
failure,8
fair,4
fairly,1
fairnes,1
fairy,1
faith,2
faithful,1
fake,1
fall,18
fame,1
famed,1
familiar,2
family,50
famou,5
famously,2
fan,9
fanboy,1
fancy,4
fanfare,1
far,21
fare,1
farm,5
fascinate,2
fashion,2
fashioned,2
fast,25
fasting,1
fatal,1
fate,1
father,37
fault,1
faulty,1
favor,2
favourable,1
favourite,6
fear,2
feast,1
feature,15
fee,2
feed,3
feel,26
feeling,4
feistines,1
ferment,1
festival,2
feud,1
fever,2
few,58
fiasco,1
fiber,1
fiction,1
fiddle,3
field,10
fifteen,2
fiftieth,1
fifty,12
fight,11
figure,19
figurehead,1
file,6
fill,1
film,12
filmmaker,2
final,8
finalize,1
finally,27
finance,1
financial,12
financially,2
find,53
fine,7
finger,3
fingerprint,1
fingertip,1
finish,10
finished,1
fire,9
firm,4
first,127
fiscal,7
fish,2
fit,14
five,21
fix,15
flag,1
flame,1
flameout,1
flash,3
flat,5
flaw,4
flea,2
fledge,1
flex,1
flimsy,2
flip,1
float,1
flog,1
floor,4
flop,1
floppy,13
flow,3
flower,4
fluid,1
fluke,1
flush,2
fly,12
flyer,2
focu,20
focused,2
fold,1
folder,2
folk,6
follow,13
following,3
fond,2
font,4
food,11
fool,1
foolish,3
foot,9
football,1
for,496
forbid,1
force,5
forefinger,1
foremost,1
forever,2
forget,3
forgettable,1
form,10
formal,2
formally,4
former,15
formula,1
forth,2
fortieth,1
fortunate,3
fortune,5
forty,14
forward,6
found,6
foundation,1
founder,15
four,18
fourteen,5
fourth,3
frame,7
frankly,1
frantically,1
freak,1
free,14
freedom,2
freewheeling,1
freight,1
frenemie,1
frenzy,2
frequency,5
frequent,1
frequently,2
fresh,1
freshman,4
fret,1
friend,64
friendlines,1
friendly,3
friendship,1
frightening,3
frivolou,1
from,150
front,16
frown,1
fruit,6
fruitarian,1
frustrate,2
frustrated,2
frustration,1
fuel,2
fulfil,2
full,16
fully,7
fumble,1
fun,10
function,5
fund,11
fundamental,1
funding,1
funny,2
furiou,1
furiously,1
furnish,1
furniture,3
furore,1
fus,2
fussy,1
future,21
fuzze,1
gadget,8
gain,1
gala,1
gallbladder,1
gallery,1
gallon,1
gamble,2
game,27
gaming,1
gap,2
garage,15
garb,1
garbage,1
garden,2
ga,2
gate,1
gather,2
gathering,3
gaunt,2
geek,4
geeky,1
general,2
generally,1
generate,1
generation,5
generou,2
generously,1
genetic,3
geniu,7
genre,1
gentler,1
geometry,2
german,1
get,130
get,1
getting,4
giant,9
gift,2
gifted,1
gigabyte,1
girl,10
girlfriend,12
give,89
gizmo,1
glamour,1
glare,1
glas,8
glib,1
glimmer,2
glitzy,1
global,1
glom,1
glorify,1
glory,1
glowing,2
go,128
goal,6
gobbledygook,1
going,1
gold,3
golden,1
good,63
gooey,1
got,6
gotta,1
grab,3
grace,3
graceful,2
graciously,1
grade,13
gradually,2
graduate,19
graduation,7
grain,1
grammatically,1
grand,1
granola,1
grant,3
graphic,7
graphical,2
gras,1
grateful,2
gratingly,1
great,39
greatly,1
green,1
greenish,1
grey,1
grid,1
grief,1
grind,1
grit,1
groan,1
grocery,1
grooming,1
ground,5
group,14
grove,1
grow,35
growth,3
gruele,1
grungy,1
guarantee,2
gues,3
guest,2
guide,1
guitar,1
gum,1
gun,1
guru,4
gut,1
guy,8
gymnast,1
,3
habit,7
hacker,2
hair,10
haircut,2
haired,1
half,19
hall,1
hallucinogenic,1
hallway,1
halt,1
hammer,2
hand,26
handedly,1
handful,2
handheld,3
handicapped,2
handle,11
hang,6
haples,1
happen,15
happines,1
happy,7
hard,36
hardball,1
hardly,10
hardware,7
hardwire,1
harsh,2
hat,1
hate,6
have,651
having,3
havoc,1
hawaiian,2
he,1385
head,25
heading,1
headphone,1
headquarter,2
headquarter,4
heady,1
health,13
healthy,1
hear,12
heart,12
hearted,1
heartthrob,1
heaven,1
heavy,2
hedge,1
hello,2
help,38
helped,2
helping,1
her,43
herb,1
herbal,1
here,13
hero,3
herself,1
hesitant,1
hesitation,1
hey,3
hi,1
hide,1
high,34
highlight,1
highly,2
hike,1
himself,21
hint,1
hip,2
hippie,3
hipst,1
hire,10
hi,641
his,1
hissy,1
historic,1
history,6
hit,17
hitch,1
hitchhike,1
hive,1
hobby,2
hobbyist,6
hockey,1
hoist,1
hold,22
holder,1
holding,2
hole,1
holiday,4
holines,1
holly,1
holy,3
home,40
homebrew,1
honest,2
honour,2
honta,1
hook,4
hop,2
hope,13
hopelessly,1
horizontal,2
hormone,3
horror,1
horse,2
hospital,4
host,1
hot,7
hotbed,1
hotel,5
hotshot,1
hour,20
house,25
household,2
housing,2
how,64
however,29
hub,1
hue,1
huge,12
huggable,1
human,8
humankind,2
humble,1
humiliate,1
hummingbird,1
humor,1
hundred,39
hungry,1
hunt,1
hurl,1
hurry,1
hurt,7
hurtful,1
husband,3
,1
ibookstore,1
icandy,1
icloud,1
imac,19
imac,3
ipad,8
iphone,21
iphone,3
ipod,35
ipod,3
itune,12
iapp,1
ibook,1
ice,1
iceo,2
icon,3
iconic,1
idea,39
idiot,2
idol,1
idvd,1
if,70
ignore,11
ii,1
ill,1
illegal,5
illnes,4
illustrate,1
image,16
imaginary,1
imagination,1
imagine,5
imaging,1
imbalance,2
immature,1
immaturity,1
immediate,2
immediately,9
immensely,2
immune,1
impact,4
impatience,1
imperfection,2
implication,1
implore,1
imply,1
import,1
importance,1
important,15
impose,3
impossible,4
impossibly,1
impres,5
impressed,5
impression,3
impressive,3
imprint,1
improve,10
improved,1
improvement,3
impulsive,1
in,905
inaccessible,1
inappropriate,1
inch,5
inclined,1
include,26
income,1
incorporate,4
increase,5
increasingly,3
incredible,9
incredibly,3
indecision,1
indeed,3
independent,2
indigestion,1
individual,6
individually,1
industry,13
inedible,2
inexpensive,6
inexperience,1
inexperienced,1
infancy,1
infection,1
inflexible,1
influence,1
inform,1
informal,1
information,9
inherit,1
initial,10
initially,14
injure,1
injury,1
ink,1
innard,1
inner,2
innocent,2
innovation,9
innovative,3
innovator,1
inquire,1
inquiry,1
inroad,1
insanely,3
insecurity,1
insert,1
inside,9
insider,1
insight,1
insightful,1
insignificant,1
insist,18
insistence,2
inspiration,1
inspire,7
instal,3
install,3
instance,4
instant,3
instantly,1
instead,17
instinctively,1
instruct,2
instruction,3
instrument,1
insulator,1
insulin,2
insult,2
integral,1
integrate,2
intellect,1
intellectual,2
intelligence,2
intelligent,1
intend,2
intense,6
intensely,3
intensity,2
intention,2
intentionally,2
interact,2
interest,15
interested,18
interesting,1
interface,3
interfere,2
interim,4
internal,2
internally,1
internet,12
interpersonal,1
interrupt,2
intersection,2
interview,12
interviewer,2
intestine,1
intimate,1
intimidate,1
into,86
intravenously,1
intrigue,3
intriguing,3
introduce,29
introduction,4
intuition,2
intuitive,1
intuitively,2
invent,8
invention,2
inventor,4
inverted,1
invest,7
investigate,1
investigation,1
investment,8
investor,20
invigorate,1
invisible,1
invite,8
inviting,1
involve,10
inward,1
ipad,4
iphone,1
ipod,6
ironically,1
,1
island,1
issue,14
it,579
italic,1
it,105
itself,10
jagged,1
jail,1
jam,1
jammer,3
japanese,2
jazz,1
jean,7
jelly,2
jeopardy,1
jerk,1
jerry,1
jet,1
job,119
job,2
join,9
joint,1
joke,6
jokingly,1
journalist,6
journey,4
joy,2
joyou,1
judge,2
juice,4
jukebox,3
jump,4
junior,7
junk,1
just,107
justify,2
juxtaposition,1
karma,1
keep,55
key,15
keyboard,18
keynote,3
kick,5
kid,27
kidney,3
kill,6
killer,1
kilobyte,1
kind,22
kindly,1
kit,3
kitchen,2
knee,2
knob,1
knock,3
know,76
knowledge,2
lab,4
label,2
laboratory,1
lack,5
laden,1
lady,1
lamp,1
land,2
landlord,2
landscape,1
language,11
laptop,6
large,14
largely,5
laser,5
last,25
lasting,1
late,37
later,62
laugh,4
laughter,1
launch,9
lavish,1
law,3
lawsuit,1
lawyer,3
lay,2
layer,2
lead,14
leader,9
leafy,1
leap,3
learn,32
learning,1
least,13
leave,57
lecture,2
left,2
leg,2
legacy,1
legal,2
legend,1
legendary,1
lemming,1
lemon,1
len,1
length,4
les,18
lesson,6
let,31
letter,6
lettering,1
level,4
liberal,2
liberate,1
library,1
lice,1
licence,3
license,2
lieutenant,1
life,73
lifelong,1
lifestyle,3
lifetime,1
lift,3
light,5
lighting,2
lightning,1
lightweight,2
like,124
likely,3
liking,1
limit,3
limitation,1
limited,1
line,28
link,3
linoleum,1
list,10
listen,12
literally,3
literary,1
little,36
live,23
liver,8
livid,1
living,4
load,5
loan,3
lobby,5
local,6
locate,1
lock,3
locker,1
lodge,1
lofty,1
logo,10
lollipop,1
long,69
longtime,9
look,63
loose,4
loot,1
lope,1
lose,20
los,10
lot,24
lottery,2
loud,1
lousy,1
lovable,1
love,41
lover,3
low,17
lowercase,1
loyal,3
loyalty,2
luck,1
luckily,2
lucky,3
lucratively,1
lunch,2
lung,1
lure,1
lyric,1
machine,40
machinist,1
macintosh,1
mad,1
magazine,22
magic,3
magical,2
magician,1
magnate,2
magnet,1
magnetic,1
mail,15
main,4
mainframe,1
maintain,1
major,7
majority,1
make,202
maker,14
makeshift,1
makeup,1
mall,2
malleable,1
mambo,1
man,33
manage,8
management,5
manager,15
mansion,3
mantra,1
manual,3
manufacture,2
manufacturer,2
manufacturing,5
many,58
map,2
mapmaking,1
march,1
marijuana,2
mark,2
market,18
marketer,1
marketing,12
marketplace,1
marriage,6
married,2
marry,9
marvel,2
massage,2
masse,4
massive,1
master,2
match,4
mate,1
material,9
math,8
mathematic,1
mathematical,3
matter,10
mattres,2
mature,2
maturity,1
maximize,1
may,7
maybe,11
mc,1
meal,4
mean,28
meaning,2
meaningful,2
meaningles,1
meantime,3
meanwhile,4
measure,2
meat,3
mechanic,1
mechanical,1
mechanism,1
meddle,2
medical,4
medication,1
medicine,2
meditation,2
medium,1
meet,24
meeting,22
megabyte,1
mellow,2
melody,1
member,12
membrane,1
memo,1
memorably,1
memorial,2
memory,29
mention,3
mentor,2
menu,6
mercurial,1
mesh,1
mesmerizing,1
mes,3
message,5
messenger,1
messy,1
metal,2
method,1
methodical,1
meticulou,1
micro,1
microchip,1
microcomputer,1
microphone,3
microprocessor,6
mid,3
mid,1
mid,2
mid,1
mid,3
mid,1
mid,1
mid,1
mid,1
mid,2
mid,1
mid,1
middle,8
midst,3
might,37
migration,1
mile,4
military,2
milk,2
million,77
millionaire,7
mimic,1
mind,20
minded,1
mine,1
minicomputer,2
minimal,1
minimalist,1
minimum,2
minor,1
minute,9
miracle,1
misappropriate,1
misbehaviour,1
miserable,1
misery,1
misfit,1
mislead,1
mis,12
missile,1
mission,3
misspell,1
mistake,1
misunderstanding,1
mix,4
mobile,1
mobilize,1
moby,1
mock,3
model,7
modem,1
modern,1
modest,3
modified,2
mold,1
moment,5
monastery,2
money,41
monitor,8
monkee,1
mononucleosi,1
monotonously,1
month,38
monthly,2
mood,2
more,204
moreover,1
morning,2
mortality,1
mortgage,2
most,52
mostly,8
mother,9
motion,4
motivate,1
motivator,1
motto,1
mountain,2
mouse,15
mouth,1
mouthwash,1
movable,1
move,56
movement,2
movie,28
moving,1
much,68
mucu,1
mug,1
mull,1
multi,1
multimillionaire,1
multiple,1
mum,3
mumble,1
murky,1
muscle,2
music,54
musician,1
must,2
musty,1
mute,1
my,48
myself,5
mystery,1
mysticism,1
nail,1
name,43
napster,1
narcissistic,1
narrative,1
narrator,1
narrow,1
national,3
native,1
nature,2
natured,1
navigate,2
naïve,2
near,11
nearby,5
nearly,12
neatly,1
necessarily,1
necessary,3
necessity,1
neck,1
need,71
negotiate,4
negotiation,1
negotiator,1
neighbour,6
neighbourhood,3
neither,6
nerd,1
nerdy,1
nervou,2
nestle,1
net,1
network,2
neuroendocrine,1
neutral,2
never,47
nevertheles,1
new,140
newborn,2
newcomer,2
newly,1
new,8
newsletter,1
newspaper,2
next,51
nice,4
niche,1
nickel,1
nickname,2
nifty,2
night,20
nimble,1
nine,5
nineteen,2
nineteenth,1
ninety,2
no,72
nobody,3
nod,1
noise,1
noisy,3
nominate,1
nondescript,1
none,6
nonstop,1
nonviolent,1
noodle,1
nor,4
normal,2
north,3
northern,1
nose,1
not,415
notable,1
notably,1
notch,1
note,14
nothing,9
notice,3
notion,2
notoriou,1
notoriously,1
noun,1
nourish,1
novel,2
novelist,3
now,57
number,13
nurse,1
nursery,1
nursing,1
nurture,2
nut,1
nutso,1
n’t,1
,1
object,1
objection,1
obscure,1
obses,4
obsessed,1
obviou,1
occasion,1
occasionally,9
occupy,1
occur,1
odd,4
of,944
off,67
offbeat,1
offend,1
offending,1
offer,19
offering,9
office,22
officer,5
official,3
officially,3
often,19
oh,5
okay,6
old,64
on,380
once,36
one,225
onetime,2
ongoing,1
online,2
only,71
onstage,3
onto,3
open,25
opening,1
operate,1
operating,12
operation,6
operator,4
opinion,4
opportunity,4
oppose,3
opposition,2
optical,1
option,14
or,152
oracle,1
orchard,5
ordeal,1
order,14
ordinary,1
organ,3
organic,1
organisation,2
organize,4
orient,1
original,7
originally,4
orphan,1
other,133
otherwise,3
ought,1
our,15
ourselve,1
oust,2
out,146
outcry,1
outer,1
outfit,1
outlaw,1
outlet,2
outpouring,1
outrageou,2
outside,7
outsider,2
outsmart,1
outspend,1
oval,1
ovation,3
over,81
overall,1
overbearing,1
overhaul,1
overhead,1
overhear,1
overheat,2
overlook,2
overly,1
oversea,2
oversee,2
overstatement,1
overwhelm,1
overwhelming,1
own,55
owner,9
ownership,6
o’clock,1
,5
p.m,1
pack,3
package,10
packaging,3
pad,2
paddle,2
page,5
pain,4
painful,4
painfully,1
paint,3
painting,1
pair,6
pairing,1
pal,1
palm,2
pancrea,1
pancrea,3
pancreatic,3
panel,1
papa,1
paper,3
parade,3
parent,29
park,2
parking,5
part,58
participate,2
particular,4
particularly,7
parting,1
partly,4
partner,10
partnership,2
partway,1
party,5
pas,7
passage,1
passenger,1
passion,6
passionate,3
past,5
pastor,3
pat,1
patch,1
patent,3
paternity,1
path,2
patience,1
patient,2
pause,1
pay,61
paycheck,3
payday,2
payment,3
payroll,4
pc,4
peace,1
peak,4
peek,2
peer,1
peg,1
pen,2
penalty,1
pencil,1
people,85
per,16
perceive,1
percentage,1
perch,1
perfect,11
perfection,1
perfectionist,2
perfectly,1
perform,5
performance,3
perhap,8
period,4
periodically,1
perk,2
permit,1
persistent,1
person,10
personal,45
personality,1
personally,5
peruse,1
petulant,1
phenomenally,1
phenomenon,1
philanthropic,2
philanthropy,2
philosophical,1
philosophy,1
phone,61
photo,14
photograph,1
photographer,1
phrase,1
phreak,2
phreak,1
physical,1
physically,1
physicist,2
physic,3
pick,8
picture,6
piece,15
pile,1
pillow,2
pin,2
pinch,2
pioneer,2
pirate,3
pis,1
pitch,6
pithy,1
pizza,1
place,22
plague,1
plain,2
plan,16
plane,4
planet,2
planned,1
planning,1
plant,3
planter,1
plasterboard,1
plastic,11
plate,2
platform,1
play,26
player,22
playful,1
playing,1
playlist,1
plead,1
please,1
pleased,1
pleasure,2
pledge,1
plenty,3
plow,1
plug,2
plume,1
plunge,1
plu,3
plywood,1
poca,1
pocket,12
pod,1
poem,1
poet,2
poetry,1
poignant,1
point,21
poison,1
pokey,1
pole,1
police,4
polite,1
politic,1
political,1
poll,1
polo,1
polygon,2
pond,1
pool,2
poor,4
poorly,1
pop,5
pope,1
popular,4
popularity,1
population,1
portable,1
portray,3
pose,2
position,2
possession,2
possibility,6
possible,5
possibly,1
post,2
poster,1
postpone,1
pot,1
potato,1
potential,13
potentially,1
pound,4
pour,1
poverty,1
power,13
powerful,11
powerfully,1
practical,1
practically,2
practice,2
practise,2
prank,3
pre,2
preach,1
precise,1
precociou,2
predict,6
prefer,4
preferred,1
pregnant,3
prepare,3
presence,2
present,5
presentation,9
preserve,1
president,11
presidential,1
pres,6
prestigiou,1
presumably,2
pretend,1
pretty,2
pretzel,1
prevail,2
price,41
prickly,1
primal,1
primarily,1
primary,1
prime,1
principal,2
principle,1
print,7
printer,4
prison,2
privacy,2
private,7
privilege,1
prize,1
probably,4
problem,31
procedure,1
proceed,1
proces,8
processing,2
processor,1
produce,4
product,73
production,3
professional,4
professionally,1
professor,4
profile,2
profit,22
profound,1
program,38
programme,5
programmer,5
programming,2
progres,1
progressive,1
project,24
prominent,1
promise,19
promote,4
prompt,2
promptly,1
pronounce,2
prop,1
propel,1
proper,3
properly,5
property,2
proponent,1
proportionately,1
proposal,1
propose,4
prospect,1
prospective,1
protect,1
protection,1
protein,2
protest,1
prototype,4
proud,2
proudly,2
prove,5
provide,9
provoke,1
prune,2
psychedelic,2
psychology,1
public,29
publication,2
publicist,1
publicity,1
publicly,6
publish,1
publisher,1
publishing,1
puck,1
puffy,1
pull,23
pulse,2
pump,1
pun,1
punch,4
punish,2
puppeteer,1
purchase,10
pure,2
purge,1
purity,3
purpose,4
pursue,5
push,25
put,45
putter,1
quadruple,1
qualification,1
quality,3
quandary,1
quarter,5
quartet,1
question,12
questionable,1
quick,3
quickly,15
quiet,3
quirk,1
quirkines,1
quirky,2
quit,5
quite,3
quiz,4
quo,1
quote,3
,2
race,2
racial,1
rack,1
radiation,1
radical,1
radically,1
radio,3
raft,1
ragtag,1
rail,1
rainbow,1
raise,7
raising,2
rally,4
ramble,1
random,4
range,2
rank,1
rankle,1
rapid,1
rapidly,1
rapper,1
rapt,1
rare,4
rarely,4
rate,1
rather,9
rational,1
rattle,2
ratty,1
ray,1
razor,1
razr,1
re,1
reach,14
read,17
reader,4
reading,6
ready,8
real,25
realise,7
realistic,6
reality,11
realization,2
realize,5
really,47
realm,2
reap,1
rear,2
rearrange,1
reason,5
rebel,2
rebelliou,1
rebound,1
rebuild,1
recalc,1
recalculate,1
recall,9
receive,7
recent,3
recently,7
receptionist,1
recipe,1
recommend,6
recommendation,1
reconsider,2
record,11
recorder,1
recording,2
recount,1
recover,1
recovery,2
recruit,4
rectangle,3
rectangular,3
recur,1
red,7
redemption,1
redesign,3
redo,3
redouble,1
redrawe,1
reduce,3
refer,1
reference,2
refine,5
refining,1
reflect,7
reflection,1
reflective,3
refreshing,1
refrigerator,2
refurbish,1
refuse,7
regard,1
register,2
regret,2
regular,6
regularly,12
regulate,1
rehearsal,1
reignite,1
reimagine,1
rein,1
reinvent,1
reject,5
rejection,1
rejuvenate,1
relapse,1
relate,2
relation,2
relationship,14
relatively,1
relax,2
relaxed,2
release,2
relentlessly,1
reliable,1
relief,1
relieve,1
religion,1
religiou,4
relish,1
rely,1
remade,1
remain,10
remake,2
remarkable,8
remarkably,2
remarry,1
remedy,1
remember,17
remind,1
reminder,1
reminisce,1
reminiscent,1
remote,2
remove,8
renovate,1
rent,6
rented,1
reopen,1
reorder,1
reorganisation,2
repair,1
repay,1
repeat,3
repeatedly,3
repertoire,1
replace,8
replaceable,1
replacement,1
replant,1
reply,1
report,11
reporter,19
represent,2
reprieve,1
reprint,1
reputation,3
request,1
require,14
rescue,3
research,7
resell,1
resemblance,1
resent,2
reserve,3
reset,1
resign,3
resilient,1
resist,2
resolve,2
resound,1
respect,5
respond,6
response,4
responsibility,1
rest,9
restart,1
restate,1
restaurant,4
restore,1
restrict,1
result,13
retail,2
retailer,2
retainer,1
retaliation,1
retelling,1
retire,3
retreat,1
retrospect,1
return,19
rev,1
reveal,3
revel,1
revelation,2
revenue,1
reverberate,1
review,2
reviewer,2
revive,1
revolt,1
revolution,8
revolutionary,1
revolutionize,3
reward,3
rewrite,3
rhino,2
rice,1
rich,7
riche,1
rickety,1
rid,1
ride,6
ridiculou,1
ridiculously,1
rig,1
right,42
rigid,2
ring,2
riot,1
rip,1
ripe,1
rise,1
risk,2
rite,1
rival,2
rivalry,1
riverbed,1
road,4
roar,4
robe,1
rock,8
rocket,2
rocky,1
role,8
roll,9
rollerblading,1
rolling,2
rom,1
romance,3
romantic,1
roof,3
room,27
root,3
rot,2
rotate,1
rotation,1
rough,2
roughly,4
round,3
rounded,5
routine,2
row,3
rub,2
rule,9
rumor,1
run,54
rush,7
résumé,1
sacrifice,1
sad,1
sadnes,1
safe,2
saint,1
salad,1
salaried,1
salary,3
sale,54
salesman,5
salesmanship,1
salesperson,2
salt,1
same,27
sample,1
san,1
sand,1
sandal,4
sandwich,1
sap,1
sarcastic,1
satisfactory,1
satisfy,1
sauce,1
save,12
saving,1
savvy,1
say,230
scabie,1
scan,5
scared,1
scary,1
scatter,4
scene,4
sceptical,3
schedule,3
schematic,1
scholarship,1
school,59
schoolyard,1
science,9
scientific,1
scientist,8
scoff,1
score,3
scramble,1
scrap,2
scrape,2
scratch,4
scream,4
screen,33
screening,1
screenshot,1
screw,2
script,1
scriptwriter,2
scroll,1
scrolling,1
scrounge,3
sculpture,2
seal,2
seamlessly,2
search,9
season,2
seat,4
second,17
secrecy,1
secret,6
secretary,1
secrete,1
section,1
security,4
see,92
seed,2
seek,6
seeker,1
seem,13
seemingly,2
selection,1
self,2
selfish,1
sell,112
seller,1
semester,5
semiconducting,1
semiconductor,4
send,14
senior,4
sensation,1
sense,10
sensitive,1
sentence,3
sentimental,2
separate,3
sequel,1
serie,7
serif,2
seriou,6
seriously,6
serve,5
service,11
session,3
set,26
setback,3
setting,1
settle,14
settlement,3
seven,9
seventeen,4
seventh,2
seventy,3
several,34
severance,1
shade,3
shake,2
shape,10
share,67
shareholder,7
sharing,1
sharp,4
sharpen,1
sharper,1
sharply,3
shave,1
she,100
sheet,6
shelf,6
shell,1
sheltered,1
shelve,1
sheriff,1
shift,5
ship,5
shipping,1
shirt,7
shock,2
shocking,1
shoddy,1
shoe,5
shoot,7
shop,2
short,22
shorten,2
shortly,6
shot,1
should,24
shoulder,1
shout,2
shove,1
show,32
showdown,1
shower,6
showing,1
showman,4
shrink,1
shrug,1
shuffle,2
shun,1
shush,1
shut,6
shutdown,1
shy,2
sick,1
side,8
sightednes,1
sign,17
signal,1
signature,1
significant,6
significantly,1
silhouette,1
silicon,2
silly,1
similar,3
similarly,1
simmer,1
simple,17
simplicity,3
simplify,2
simplistic,1
simply,10
simulation,1
since,22
sing,2
singe,1
singer,3
single,10
sink,1
sister,12
sit,17
site,2
situation,4
six,18
sixteen,1
sixth,1
sixty,3
size,8
sized,2
skeletally,1
sketch,4
skill,4
skin,1
skinny,2
skip,3
skirt,1
skull,1
slack,1
slash,1
slay,1
sledgehammer,1
sleek,4
sleep,4
sleeve,1
slender,1
sleuthing,1
slice,2
slick,1
slide,4
slightly,1
slim,2
slip,7
slobber,1
slogan,5
sloppy,2
slot,7
slow,5
slowly,3
slump,1
small,45
smart,3
smash,1
smell,4
smile,2
smoke,2
smooth,2
smoothly,1
smug,1
snake,1
snap,4
snarky,1
snatch,1
sneaker,1
sneer,1
sneeringly,1
sniff,1
snip,1
snow,2
so,149
soar,3
sob,1
soba,1
social,5
socially,1
socket,1
soda,1
sofa,3
soft,2
software,78
solid,1
solidly,1
solution,5
solve,1
some,96
somebody,1
someday,4
somehow,4
someone,24
something,50
sometime,19
somewhat,1
somewhere,1
son,24
song,27
sonnet,1
soon,23
sophisticated,5
sophistication,3
sophomore,1
sorely,1
sorry,3
sort,12
soul,2
sound,7
sour,1
source,2
south,2
spa,1
space,10
spanish,1
spare,2
spark,2
sparkle,1
speak,10
speaker,2
special,29
specialise,1
specialised,2
specialist,3
specially,1
specie,1
specific,3
specifically,4
speculate,2
speculation,1
speech,8
speed,3
speedy,1
spell,3
spellbind,1
spend,30
spiffy,1
spirit,3
spirited,1
spiritual,6
spirituality,1
spit,1
splash,1
splashing,1
split,5
splurge,1
spoil,2
sponsor,1
sport,1
spot,6
sprawl,1
spread,10
spreadsheet,3
spring,6
sprout,1
spry,1
spur,2
square,3
stable,2
stack,2
staff,5
staffer,1
stage,5
staging,1
staid,1
stainles,2
staircase,2
stake,2
stale,2
stand,12
standard,5
standpoint,1
star,7
stare,2
start,51
starting,1
startling,1
startup,1
starve,1
state,1
statement,2
static,1
station,3
statistically,1
statu,2
stay,11
steal,5
steam,1
steamy,1
steel,2
steep,3
steering,1
stellar,3
stem,1
step,5
stereo,1
stick,5
still,61
stock,59
stomach,5
stone,1
stop,19
storage,4
store,37
story,36
storyteller,1
straggly,1
straight,2
strange,2
strategic,1
strategy,1
stream,1
street,2
stres,2
stretch,3
strict,2
strike,6
string,3
strip,1
stroll,1
strong,12
strongly,1
structure,3
struggle,9
strum,1
stubble,1
student,28
study,17
stuff,7
stumble,1
stun,1
stunning,1
stunningly,1
stunt,1
stupid,1
style,2
stylu,3
subdivision,1
subdue,1
subject,3
subscription,1
subsist,1
substantial,2
substantive,1
subtle,1
suburbia,1
succeed,1
succes,12
successful,10
successfully,3
successive,1
successor,2
succinct,1
succumb,2
such,17
suck,2
sudden,2
suddenly,4
sue,5
suffer,4
sugar,2
suggest,7
suggestion,3
suit,6
sulk,1
sully,1
sum,1
summarily,2
summer,21
summon,4
sunflower,1
sunset,1
super,1
supermarket,1
supervision,2
supplier,1
supply,3
support,11
supporter,3
suppose,6
suppres,1
sure,9
surely,1
surf,1
surface,2
surfer,1
surge,1
surgery,19
surname,1
surprise,4
surprisingly,2
surround,2
survey,2
survive,1
survivor,1
sushi,4
sustain,1
svelte,1
swathe,1
sway,1
sweat,2
sweet,2
sweetheart,1
swell,1
swift,1
swimming,2
swing,2
swipe,1
switch,7
sympathy,1
sync,2
synthesizer,1
syrian,1
system,24
table,6
tablet,9
tacitly,1
tactic,1
tactile,1
tag,2
tagline,2
tailor,2
tailspin,1
take,117
tale,1
talent,1
talented,2
talk,28
talking,1
tall,1
tangle,2
tank,2
tantrum,2
tape,5
tapestry,1
targeted,2
tarnish,2
task,4
taste,5
tax,1
taxi,1
teach,11
teacher,11
teaching,1
team,48
tear,5
tearfully,1
tease,1
tech,11
technical,3
technically,2
technician,2
technique,2
technology,35
tediou,1
teen,7
teenager,1
telephone,2
television,24
tell,114
temper,1
temperamental,1
temple,2
temporarily,1
temporary,2
ten,20
tenacity,1
tend,2
tension,1
tenth,1
term,4
test,8
textbook,2
than,119
thank,14
that,665
the,2658
theatre,1
their,147
themselve,5
then,84
theorist,1
theory,1
therapy,3
there,90
these,19
they,337
thick,1
thin,7
thing,70
think,64
thinker,4
thinking,4
third,9
thirteen,6
thirtieth,1
thirty,20
thi,68
those,39
though,58
thought,2
thousand,23
thread,2
threaten,2
three,50
thrill,2
thrilled,2
thrive,1
through,30
throughout,6
throw,10
throwback,1
thumb,1
thumping,1
thu,2
ticket,3
tidy,1
tie,4
tight,2
tilt,1
time,149
timing,4
tinker,4
tinkerer,1
tinkering,1
tiny,12
tipper,1
tirade,1
tired,3
tissue,1
title,5
to,1606
toaster,1
today,18
toddler,1
together,42
toilet,3
ton,2
tone,2
toner,1
tongue,2
too,55
tool,10
tooth,2
top,29
topic,1
topple,1
total,6
totally,2
touch,14
tough,6
tout,1
toward,6
town,5
toy,7
track,10
tract,1
trade,12
trademark,1
trading,1
traditional,4
trail,1
train,1
trait,2
transfer,4
transform,1
transistor,5
transition,1
translate,1
translation,1
translucence,1
translucent,3
transmission,1
transmit,1
transplant,5
trap,1
traumatic,1
travel,9
tray,5
treasure,1
treat,2
treatment,3
tree,2
tremendou,1
trial,1
triangular,2
tribe,1
tribute,1
tricky,1
trigonometry,1
trim,1
trinket,1
trio,1
trip,13
triple,2
trouble,7
troublemaker,2
trouser,1
true,25
truly,11
trust,5
truth,5
try,61
tube,1
tug,1
tuition,2
tumour,6
tumult,1
tumultuou,1
tune,5
tunnel,1
turbulent,1
turmoil,1
turn,43
turnaround,3
turtleneck,6
tv,2
tweak,2
tweaker,3
twelve,3
twenty,20
twice,6
twist,4
twitch,1
two,74
type,11
typeface,3
typestyle,1
typewriter,1
typical,5
typically,1
tyrannical,1
,1
ugly,6
ultimate,4
ultimately,14
ultimatum,1
ultra,1
unabashed,1
unable,3
unagi,1
unbelievable,2
unblinking,1
uncare,1
uncaring,1
uncertain,3
uncomfortable,2
uncommon,1
unconventional,1
unconvinced,1
under,13
underdog,1
undergo,1
undergraduate,1
underlying,1
understand,17
understanding,2
understatement,1
underway,1
undeveloped,1
undisclosed,1
undres,1
unexpected,3
unfaze,1
unfinished,1
unfortunately,3
unfurl,1
unfurnished,1
unhappy,1
unheated,1
uniform,7
unimaginable,1
unimaginative,1
unimpressed,1
unintended,1
unique,4
unit,3
universal,1
universe,6
university,5
unknowing,1
unknown,1
unles,2
unlike,2
unlock,1
unlocked,1
unmarried,2
unmistakable,1
unnecessary,1
unnerve,1
unpleasant,2
unprecedented,1
unprofitable,1
unrealistic,1
unreliable,1
unroll,1
unseen,1
unsettling,1
unstoppable,1
unsuccessfully,1
unsure,3
untested,1
until,21
untrue,1
unusual,10
unusually,3
unveil,4
unveiling,1
up,166
upbeat,2
update,1
upend,1
upfront,1
upgrade,1
uphill,1
uphold,1
upload,1
upset,5
upside,1
upstart,2
urge,8
urologist,1
use,78
useful,9
user,33
usual,2
usually,4
vacate,1
vacation,1
vacuum,1
valley,2
valuable,3
value,11
van,1
variable,1
variou,7
vary,1
vast,2
ve,13
vegan,5
vegetable,7
vegetarian,5
venture,3
verge,2
verse,1
version,15
versu,1
very,48
vice,3
victory,2
video,14
videocamera,1
videotape,1
view,7
viewer,2
vilify,1
violinist,1
virtual,1
virtually,1
viru,1
visible,2
vision,15
visionary,5
visit,24
visitor,1
vista,1
vitally,1
vivid,1
vocal,2
voice,5
volatile,1
volume,1
vote,2
vs,1
wag,1
wait,7
waiter,1
waiting,2
wake,1
walgreen,1
walk,20
wall,3
wander,5
want,132
war,1
wardrobe,2
warm,4
warn,5
wash,2
washing,2
waste,3
watch,10
water,11
wave,3
waver,1
way,65
we,73
weak,1
weakening,1
wealth,3
wealthy,3
wear,19
weather,1
weave,1
web,9
wedding,1
weed,1
week,21
weekend,5
weigh,3
weight,5
welcome,5
welfare,2
well,86
western,1
what,113
whatddya,1
whatever,8
wheel,3
wheelchair,1
when,155
whenever,1
where,28
whether,10
which,82
whiff,1
while,61
whine,1
whiner,1
whip,1
whirlwind,2
whirring,1
whistle,2
white,13
whiteboard,1
whiz,1
who,150
whoever,1
whole,23
whom,3
whose,4
why,14
wide,3
widely,2
widget,1
wife,17
wiggle,2
wild,1
wildernes,1
wildly,3
wilful,1
will,17
willed,3
willing,4
win,12
wind,2
windfall,1
winding,1
window,5
wine,1
wink,1
winter,2
wipe,1
wire,1
wireles,2
wiry,2
wisdom,1
wise,1
wish,3
with,456
within,10
without,27
witnes,1
wizard,1
woman,9
wonder,5
wonderful,4
wood,1
woode,1
wooden,1
woodside,1
word,13
work,160
workaholic,1
workbench,2
workbook,1
worker,8
working,1
workshop,1
workstation,1
world,36
worldwide,2
worried,2
worry,9
worship,1
worth,18
worthles,1
would,360
wound,1
wow,4
woz,1
wrap,1
wrapper,1
wreckage,1
wrestle,3
wrinkle,1
wrist,1
write,52
writer,5
writing,2
wrong,8
wrongdoing,2
yacht,1
yank,1
yard,1
year,189
yearbook,4
yearn,1
yell,3
ye,6
yet,14
yogurt,1
you,122
young,42
your,42
youth,2
youthful,2
zero,2
zoom,1
ø,5
,193
,75
,15
’ll,11
,13
’re,18
,362
’ve,14
,8
